Mutation,site,wildtype,mutation,mut_escape
S:D405N,405,D,N,0.03231
S:D405N,405,D,N,0.03231
S:D405N,405,D,N,0.03231
S:E484A,484,E,A,0.1535
S:E484A,484,E,A,0.1535
S:E484A,484,E,A,0.1535
S:E484A,484,E,A,0.1535
S:F486V,486,F,V,0.08162
S:G339D,339,G,D,0.02524
S:G339D,339,G,D,0.02524
S:G339D,339,G,D,0.02524
S:G339D,339,G,D,0.02524
S:G446S,446,G,S,0.02698
S:G496S,496,G,S,0.02456
S:K417N,417,K,N,0.02874
S:K417N,417,K,N,0.02874
S:K417N,417,K,N,0.02874
S:K417N,417,K,N,0.02874
S:K444T,444,K,T,0.0279
S:L452R,452,L,R,0.03796
S:L452R,452,L,R,0.03796
S:N440K,440,N,K,0.02505
S:N440K,440,N,K,0.02505
S:N440K,440,N,K,0.02505
S:N440K,440,N,K,0.02505
S:N460K,460,N,K,0.02352
S:N501Y,501,N,Y,0.05058
S:N501Y,501,N,Y,0.05058
S:N501Y,501,N,Y,0.05058
S:Q493R,493,Q,R,0.05415
S:Q493R,493,Q,R,0.05415
S:Q493R,493,Q,R,0.05415
S:Q493R,493,Q,R,0.05415
S:Q498R,498,Q,R,0.03096
S:Q498R,498,Q,R,0.03096
S:Q498R,498,Q,R,0.03096
S:R408S,408,R,S,0.0274
S:R408S,408,R,S,0.0274
S:R408S,408,R,S,0.0274
S:S371L,371,S,L,0.03422
S:S371L,371,S,L,0.03422
S:S371L,371,S,L,0.03422
S:S371L,371,S,L,0.03422
S:S373P,373,S,P,0.03566
S:S373P,373,S,P,0.03566
S:S373P,373,S,P,0.03566
S:S373P,373,S,P,0.03566
S:S375F,,,,
S:S375F,,,,
S:S375F,,,,
S:S477N,477,S,N,0.0327
S:S477N,477,S,N,0.0327
S:S477N,477,S,N,0.0327
S:T376A,,,,
S:T376A,,,,
S:T376A,,,,
S:T478K,478,T,F,0.02788
S:T478K,478,T,F,0.02788
S:T478K,478,T,F,0.02788
S:T478K,478,T,F,0.02788
S:Y505H,505,Y,H,0.03089
S:Y505H,505,Y,H,0.03089
S:Y505H,505,Y,H,0.03089
